PatientID,Nama,NIKIDMedis,Usia,JenisKelamin,TglDiagnosis,DokterPJ,Perawat,Konselor,Password,StatusFungsional,Hamil,BB,TB,CD4Awal,VLAwal,HbAwal,KlirensKreatininAwal,HBsAg,TesTB,PernahARVSblm,DetailARVSblm,LiniTerapiSblm,TesKehamilanPositif,GulaDarah,NamaPenyakit1,PeriodePenyakit1,NamaPenyakit2,PeriodePenyakit2,NamaPenyakit3,PeriodePenyakit3,NamaPenyakit4,PeriodePenyakit4,NamaPenyakit5,PeriodePenyakit5,JumlahRiwayatKesehatan,StatusARVAktual,NamaRegimen,KompObat1,DosisKomp1,KompObat2,DosisKomp2,KompObat3,DosisKomp3,KompObat4,DosisKomp4,KompObat5,DosisKomp5,DosisRegimenUmum,TglMulaiARTLiniIni,JmlObatAktif,SkorWaktuKepatuhan,SkorJumlahObatKepatuhan,SkorDosisKepatuhan,TotalKepatuhanPersen,TglEvalKepatuhan,TglKonsumsiDinilai,TerlambatHariKonsumsi,JmlObatTidakDikonsumsi,CD4Terkini,VLTerkini,TglCekLabTerkini,HbTerkini,KreatininTerkini,TglCekLabBerikutnya,CatatanPemantauan,CatatanKlinisTambahan,CatatanTambahanUmum
P001754,Agus Setiawan,3201001122330001,32,0,2024-01-15,Dr. Chandra,Perawat Doni,Konselor Eka,agus123,0,0,,68.0,172.0,400.00,55000,14.50,95.00,0,0,0,"-",0,9,172.00,-,-,-,-,-,-,-,-,-,-,0,4,"-","-","-","-","-","-","-","-","-","-","-","-",20250620,0,14,14,14,100,2025-06-09,2025615,0,0,800.00,99999,20250210,14.50,95.00,Tgl Invalid,"""""""""""""""""""""""""""""""""""""""""""""""""""""""""""""""""""""""""""""""""""""""""""""""""""""""""""""""""""""""""""""""""Pasien baru"," belum memulai terapi ARV. Edukasi dan konseling.""""""""""""""""""""""""""""""""""""""""""""""""""""""""""""""""""""""""""""""""""""""""""""""""""""""Tidak ada keluhan spesifik saat ini.",Tidak ada keluhan spesifik saat ini.
P003745,Putra Pratama,3203003344550003,4,0,2024-03-20,Dr. Anisa (Sp.A),Suster Wulan,"-",putra123,1,0,,15.0,95.0,500.00,180000,11.00,50.00,0,3,0,"-",0,9,95.00,-,-,-,-,-,-,-,-,-,-,0,4,"-","-","-","-","-","-","-","-","-","-","-","-",20250612,0,0,0,0,0,"-","-",0,0,250.00,100,20260112,11.00,50.00,Tgl Invalid,"""""""""""""""""""""""""""""""""""""""""""""""""""""""""""""""""""""""""""""""""""""""""""""""""""""""""""""""""""""""""""""""""Pasien anak kecil"," belum terapi. Perlu skrining TB dan evaluasi gejala.""""""""""""""""""""""""""""""""""""""""""""""""""""""""""""""""""""""""""""""""""""""""""""""Sering demam dan diare beberapa minggu terakhir. Limfadenopati generalisata.",Sering demam dan diare beberapa minggu terakhir. Limfadenopati generalisata.
P004917,Rina Marlina,3204004455660004,42,1,2023-12-01,Dr. Wati,"-",Konselor Budi,rina123,0,0,,65.0,158.0,550.00,15000,13.00,90.00,1,0,0,"-",0,0,158.00,Dislipidemia,Sejak 2022,-,-,-,-,-,-,-,-,1,4,"-","-","-","-","-","-","-","-","-","-","-","-",20250611,0,14,7,11,76,2025-06-09,20250610,0,2,45.00,1000001,20250630,13.00,90.00,Tgl Invalid,"""""""""""""""""""""""""""""""""""""""""""""""""""""""""""""""""""""""""""""""""""""""""""""""""""""""""""""""""""""""""""""""""HBsAg positif", pertimbangkan regimen ARV yang juga aktif untuk Hepatitis B jika memulai terapi. Pantau fungsi hat,Dislipidemia terkontrol dengan diet.
P005725,Joko Susilo,3205005566770005,25,0,2024-04-01,Dr. Chandra,Perawat Budi,"-",joko123,1,0,,55.5,165.0,150.00,300000,12.50,88.00,0,0,0,"-",0,9,165.00,-,-,-,-,-,-,-,-,-,-,0,4,-,-,-,-,-,-,-,-,-,-,-,-,20250615,0,11,14,11,85,2025-06-09,20250611,2,0,350.00,100001,20250630,12.50,88.00,Tgl Invalid,"""""""""""""""""""""""""""""""""""""""""""""""""""""""""""""""""""""""""""""""""""""""""""""""""""""""""""""""""""""""""""""""""CD4 rendah"," VL tinggi. Segera mulai ARV Lini Pertama. Edukasi pentingnya kepatuhan.""""""""""""""""""""""""""""""""""""""""""""""""""""""""""""""""""""""""""""""""""""""""""""""""""""""""""""""""""""""""""""""""""""""""""""""""""""""""""""""""""""""""""""""""""""""""Pasien tampak lemah","""""""""""""""""""""""""""""""""""""""""""""""""""""""""""""""""""""""""""""""""""""""""""""""""""""""""""""""""""""""""""""""""Pasien tampak lemah"
P002833,Bunga Lestari,3202002233440002,8,1,2024-02-10,Dr. Anisa (Sp.A),Suster Wulan,"-",bunga123,0,0,,25.0,125.0,700.00,30000,12.50,60.00,0,1,0,"-",0,9,125.00,Riwayat kejang demam,Usia 2 tahun,-,-,-,-,-,-,-,-,1,4,-,-,-,-,-,-,-,-,-,-,-,-," perlu tes resistensi""""""""""""""""""""""""""""""""",0,3,14,7,11,76,2025-06-01,2025,0,600.00,100001,20250625,2025.00,12.50,Tgl Invalid,2027-04-01,"""""""""""""""""""""""""""""""""""""""""""""""""""""""""""""""""""""""""""""""""""""""""""""""""""""""""""""""""""""""""""""""""Pasien anak"," belum terapi. Pertimbangkan profilaksis INH untuk TB Laten."""""""""""""""""""""""""""""""""""""""""""""""""""""""""""""""""""""""""""""""""""""""""""""""""""""""""""""""""""""""""""""""""
